{"cameraMode":{"drawMode":0,"name":"Shaded","section":"Shading Mode"},"sceneLighting":true,"audioPlay":false,"sceneViewState":{"showFog":false,"showMaterialUpdate":false,"showSkybox":false,"showFlares":false,"showImageEffects":false,"showParticleSystems":false},"in2DMode":false,"pivot":{"x":0.46884965896606448,"y":-1.3237478733062745,"z":-3.2524824142456056},"rotation":{"x":-0.20536468923091889,"y":-0.28387629985809328,"z":0.06237900257110596,"w":-0.9345449805259705},"size":11.705260276794434,"orthographic":false}