{"cameraMode":{"drawMode":0,"name":"Shaded","section":"Shading Mode"},"sceneLighting":false,"audioPlay":false,"sceneViewState":{"showFog":true,"showMaterialUpdate":false,"showSkybox":false,"showFlares":true,"showImageEffects":true,"showParticleSystems":true},"in2DMode":false,"pivot":{"x":-1.6185208559036255,"y":1.5030629634857178,"z":0.21530765295028687},"rotation":{"x":-0.16441908478736878,"y":0.0405249260365963,"z":-0.006761045195162296,"w":-0.9855364561080933},"size":6.943414688110352,"orthographic":false}